date,a,b
2025-03-03,38.95021870443657,0.012547051923344599
2025-03-04,40.06057268722467,0.00025418390389631007
2025-03-05,45.34044556008786,0.002540708517978496
2025-03-06,31.55761436016213,0.019358180558393556
2025-03-07,54.10390408853366,0.008995517397144992
2025-03-10,35.61749903213318,0.030509306332022312
2025-03-11,43.05772230889236,0.00988299247269464
2025-03-12,44.263628966639544,0.0007879900062345291
2025-03-13,44.18190645735556,0.01892737614819473
2025-03-14,39.13324708926261,0.020897869152925574
2025-03-17,56.08065532451166,0.018448308007740888
2025-03-18,46.79730915472361,0.011910658841772781
2025-03-19,46.71441918405481,0.01863663950417549
2025-03-20,43.72093023255814,0.015406821751157151
2025-03-21,43.58013120899719,0.05998100429094655
2025-03-24,49.186830622768746,0.008322774367159447
2025-03-25,50.028506271379705,0.02151077089040554
2025-03-26,49.66542750929368,0.004089975761264686
2025-03-27,47.72458628841608,0.031313634940452695
2025-03-28,47.14841218405703,0.006044666145809341
2025-03-31,50.79117015042,0.018286232250894652
2025-04-01,44.36964504283966,0.01383705741697705
2025-04-02,44.42250740375123,0.017585254482369583
2025-04-03,43.74378639397813,0.08121829790920343
2025-04-04,39.77900552486188,0.07356786345446742
2025-04-07,44.4015444015444,0.10985561622565765
2025-04-08,44.89524442966412,0.05825795638385689
2025-04-09,39.1343018084791,0.03303310252314162
2025-04-10,36.32378268357601,0.0322674581719572
2025-04-11,51.905794855903316,0.07209365110177024
2025-04-14,51.54639175257732,0.038105823703689645
2025-04-15,41.084634346754314,0.021555538566776167
2025-04-16,36.198398028342574,0.016076240341598824
2025-04-17,40.905542544886806,0.03515970481643227
2025-04-21,41.37492043284532,0.03339938420661426
2025-04-22,46.011724995558716,0.008784750326678914
2025-04-23,43.27466494429194,0.022060908699624626
2025-04-24,37.98100949525237,0.022152871748812863
2025-04-25,47.795414462081126,0.03667684449189634
2025-04-28,44.65037910699242,0.019565787064240392
2025-04-29,49.95579133510168,0.0333514856461854
2025-04-30,48.253754007086215,0.0029100691156552783
2025-05-01,42.25828262339419,0.017511272790134758
2025-05-02,44.031311154598825,0.03676662069135639
2025-05-05,51.2610211195407,0.023390350715183805
2025-05-06,43.66452463338276,0.00024571938733464194
2025-05-07,49.72375690607735,0.01401179180305212
2025-05-08,41.017913946090744,0.014210912145364407
2025-05-09,59.26901547579848,0.010816092020849988
2025-05-12,41.943521594684384,0.02407591693051203
2025-05-13,38.37787445618397,0.00308717801545888
2025-05-14,42.499606485125135,0.008522741383674814
2025-05-15,39.69841514079089,0.004536829908318829
2025-05-16,43.98299542184434,0.009114921579099988
2025-05-19,65.05102040816327,0.012360362765290067
2025-05-20,44.94740197641058,0.0014440763993444072
2025-05-21,43.631697144690406,0.01658261070139455
2025-05-22,42.91287386215865,0.035679353612011355
2025-05-23,52.91348807011849,0.014951854188462343
2025-05-27,45.58155780649668,0.023220981844993327
2025-05-28,45.09973980919341,0.03660322149232853
2025-05-29,44.089895350832045,0.015957474048125198
2025-05-30,50.608695652173914,0.009224605491261806
2025-06-02,58.53131749460043,0.002768007189369759
2025-06-03,41.306602143104044,0.011355053010621896
2025-06-04,48.055643376541255,0.0019959584007662734
2025-06-05,51.67753219907775,0.01593623984263237
2025-06-06,55.53756476683938,0.004048579088026694
2025-06-09,51.89873417721519,0.00025206996354698585
2025-06-10,56.33802816901409,0.0007563043957392601
2025-06-11,64.5684620376379,0.038539011332341166
2025-06-12,50.29221777914488,0.014795067114339311
2025-06-13,46.27374573794447,0.0372849275239433
2025-06-16,0.0,0.045161355535925374
2025-06-17,0.0,0.06732627915023937
2025-06-18,0.0,0.0015826293363936372
2025-06-20,0.0,0.03137696193199002
2025-06-23,0.0,0.013982719092395457
2025-06-24,0.0,0.04396125147671881
2025-06-25,0.0,0.011866490313545475
2025-06-26,0.0,0.00024437176046643305
2025-06-27,0.0,0.0127076409172725
2025-06-30,0.0,0.03143565370783841
2025-07-01,0.0,0.019678007583574963
2025-07-02,51.37614678899082,0.04887210209697446
2025-07-03,47.73869346733668,0.014336972776459733
2025-07-07,57.00171005130154,0.017432222625908045
2025-07-08,51.81832370844389,0.007177531105593604
2025-07-09,57.466196355085245,0.02705223457362882
2025-07-10,56.4365671641791,0.09180244257655534
2025-07-11,50.96935584740463,0.0030735322062207526
2025-07-14,48.55241862974285,0.003963891340687642
2025-07-15,41.116005873715125,0.0285150083945932
2025-07-16,37.610619469026545,0.03319036329456848
2025-07-17,41.53403061997878,0.02148533372721584
2025-07-18,48.74699622382423,0.004343905672499981
2025-07-21,57.76689120228618,0.016762331917909767
2025-07-22,58.86232481450948,0.00864079716304822
2025-07-23,49.80724749421743,0.03611950504500139
2025-07-24,45.69606801275239,0.0024581141978002874
2025-07-25,47.16499233781713,0.012320771607987169
2025-07-28,47.20521429982224,0.01678388922444496
2025-07-29,47.02511377043654,0.006022677493610296
2025-07-30,61.37651821862348,0.013303820601294536
2025-07-31,49.367850692354004,0.010722137205392945
2025-08-01,41.537053979871914,0.04069896460625766
2025-08-04,54.45920303605313,0.0163655785387804
2025-08-05,51.83290707587383,0.024675874376960616
2025-08-06,49.8812351543943,0.028367334482621187
2025-08-07,52.58899676375405,0.01239235759345092
2025-08-08,51.286601597160605,0.02807315359364837
2025-08-11,56.545153272576634,0.035667418838143394
2025-08-12,41.26500930153898,0.01928746267318271
2025-08-13,44.53579993148338,0.0020035653663519337
2025-08-14,41.75789802940257,0.0019995591189532202
2025-08-15,63.32920573147002,0.0008904923677177656
2025-08-18,45.247974708555624,0.040702888530233405
2025-08-19,40.492660705247175,0.025432836463385233
2025-08-20,44.03508771929825,0.014035158459685393
2025-08-21,54.12240768841679,0.04519896359694919
2025-08-22,39.11845730027548,0.01324227944136358
2025-08-25,53.96618985695709,0.005717839228391974
2025-08-26,52.614107883817425,0.006982956709335131
2025-08-27,50.74296553904521,0.015092834935563237
2025-08-28,53.763440860215056,0.0024110695354846445
2025-08-29,49.889543446244474,0.010222532420721686
2025-09-02,43.44482891195694,0.003968193297365197
2025-09-03,48.59504132231405,0.020948644372650316
2025-09-04,56.2731997030438,0.004258637656851416
2025-09-05,52.46342693795191,0.03129861301192971
2025-09-08,48.74947011445528,0.10631478738473477
2025-09-09,54.91057420771886,0.026580296389439928
2025-09-10,53.079278666213,0.0010501935493090198
2025-09-11,43.7297941126425,0.019059279222973124
2025-09-12,44.538123167155426,0.0070350009608743935
2025-09-15,48.13148111915476,0.03680354230625471
2025-09-16,57.10469193521456,0.00328672067801683
2025-09-17,47.65928680074362,0.006595243459445399
2025-09-18,49.23572003218021,0.009460575847704877
2025-09-19,46.37404580152672,0.01457773001735918
2025-09-22,53.65274203128094,0.01700391050244321
2025-09-23,48.851063829787236,0.019027823006233513
2025-09-24,44.052863436123346,0.014089255109612453
2025-09-25,49.86149584487535,0.006714930992601564
2025-09-26,42.08341196452161,0.002080130862171181
2025-09-29,45.95879556259905,0.01228166203604264
2025-09-30,49.103402044578516,0.018388778723635646
2025-10-01,45.143856302654584,0.008563774286707737
2025-10-02,57.87728026533997,0.004068628112558148
2025-10-03,61.593554162936435,0.017761989583504834
2025-10-06,44.32518386006758,0.018499085038524155
2025-10-07,46.78565239993069,0.03396158944538952
2025-10-08,45.28502930207778,0.004233450196611699
2025-10-09,49.99155548049316,0.026432538733985877
2025-10-10,46.88342015448177,0.02557173059897
2025-10-13,45.82577132486389,0.0007392518032922624
2025-10-14,47.591069330199765,0.013850415122178106
2025-10-15,47.703464947622884,0.021910077444067255
2025-10-16,52.345448897173036,0.021257098293920862
2025-10-17,51.4959202175884,0.03122199341035503
2025-10-20,47.26126999515269,0.008178134609757803
2025-10-21,47.36925766968685,0.018294746008245766
2025-10-22,37.19986472776463,0.027426116900483466
2025-10-23,59.755467539176855,0.0323409180143599
2025-10-24,51.92307692307692,0.0006629719810400392
2025-10-27,55.67805953693495,0.002981618491974425
2025-10-28,58.77616747181965,0.020767569837513156
2025-10-29,52.99860529986053,0.009602867281500949
2025-10-30,45.032278381357266,0.01434788662200459
2025-10-31,50.19373018668545,0.009159329062502941
2025-11-03,44.86152437628748,0.0012966260950638686
2025-11-04,44.679794803905345,0.014281033246863917
2025-11-05,42.473360348191505,0.009219584180424567
2025-11-06,42.0656634746922,0.030995131313642954
2025-11-07,49.5897903372835,0.012183551399815862
2025-11-10,55.86971273467541,0.008597708486290934
2025-11-11,45.04814305364512,0.029758187675783865
2025-11-12,48.63846549066621,0.0067092970268394225
2025-11-13,44.750723158073846,0.019993686561061375
2025-11-14,58.57966834895458,0.0014572563962733653
2025-11-17,63.89058991630945,0.0045270620243269555
2025-11-18,50.92297899427116,0.011531575247552661
2025-11-19,54.78358089762019,0.018946697628517528
2025-11-20,45.01254705144291,0.015384593292700699
2025-11-21,42.03122319437296,0.027925537058458794
2025-11-24,38.651685393258425,0.02668178398783294
2025-11-25,51.40932458783904,0.02209666135076538
2025-11-26,48.69565217391305,0.01614000599878318
2025-11-28,54.30664309168982,0.010015507129781831
2025-12-01,51.15475933520397,0.030873895015382513
2025-12-02,54.479218413644645,0.014218809958666645
2025-12-03,55.67278039279338,0.004081692336499687
2025-12-04,58.81268436578171,0.01131147372982988
2025-12-05,49.85390796201607,0.0008938011849838334
2025-12-08,57.92276964047936,0.005725526897813582
2025-12-09,62.99364284338278,0.015116072650727896
2025-12-10,42.24041682173428,0.00639500232136847
2025-12-11,63.899329955875146,0.021331368602937606
2025-12-12,48.35291851281063,0.02311160304441795
2025-12-15,53.70900286154524,0.0017311050140851325
2025-12-16,50.40620384047267,0.013248894338456219
2025-12-17,45.591626751818346,0.008562024647442934
2025-12-18,62.19848380427292,0.01639981205459018
2025-12-19,55.79575869878526,0.005492326045725138
2025-12-22,58.568329718004335,0.0009754045785745902
2025-12-23,57.54950495049505,0.008201487530833829
2025-12-24,45.14501891551072,0.004331510179961473
2025-12-26,56.84416857236197,0.008625807800125118
2025-12-29,49.958825144112,0.0034985481536753404
2025-12-30,58.060109289617486,0.018012788803719704
2025-12-31,66.53715395823215,0.002564123592879053
2026-01-02,55.001348072256675,0.022427762409585772
2026-01-05,60.70612141224282,0.0036224654890416597
2026-01-06,47.60154383385407,0.04483945255432564
2026-01-07,54.17607223476298,0.08467042541802194
2026-01-08,54.3356903609974,0.0012475440039703134
2026-01-09,51.817478731631866,0.02438588331154834
2026-01-12,44.24778761061947,0.0021893619572730394
2026-01-13,43.14938971978683,0.09393773564071695
2026-01-14,47.801496077358145,0.013313350557981218
2026-01-15,44.43666899930021,0.01551698379889277
2026-01-16,41.82578650663757,0.012163832656540974
2026-01-20,43.31378853792321,0.01726473300864928
2026-01-21,44.62474645030426,0.01274539866115032
2026-01-22,43.53695578805265,0.029081617460206988
2026-01-23,46.81614349775785,0.02522330745945367
2026-01-26,51.0,0.01930629210635948
2026-01-27,49.377990430622006,0.045296139460011764
2026-01-28,43.244152784788824,0.04166666666666674
2026-01-29,45.32736429770565,0.01391998291015617
2026-01-30,41.037484455498316,0.003945084491302042
2026-02-02,36.92554685932169,0.0015718687597814363
2026-02-03,41.29692832764505,0.01961707432601023
2026-02-04,41.346505671423344,0.007234126702668986
2026-02-05,39.09502262443439,0.01395351202913031
2026-02-06,48.85993485342019,0.046330255483218785
2026-02-09,35.95206391478029,0.010521718800119095
2026-02-10,45.51748009691935,0.00635061750095911
2026-02-11,37.11411723898716,0.025682418780089478
2026-02-12,43.134087237479804,0.030333420590872517
2026-02-13,50.30433225921948,0.04043095217482784
2026-02-17,48.91304347826087,0.006949446579470164
2026-02-18,41.139240506329116,0.010282794276232243
2026-02-19,37.535919540229884,0.024031730689483055
2026-02-20,44.0844009042954,0.0107675145362921
2026-02-23,50.24199124222171,0.0019536614916817463
2026-02-24,52.333333333333336,0.021866290084868956
2026-02-25,46.82697523051889,0.005860709950645582
2026-02-26,55.099857346647646,0.04349592075519837
2026-02-27,44.4996180290298,0.026879621314156
2026-03-02,86.81245858184228,0.010116376242212621
2026-03-03,66.47149991389702,0.01443542284662569
2026-03-04,65.81167735403308,0.00982242467354344
2026-03-05,66.36709298306256,0.01833147744043573
2026-03-06,66.45457758925416,0.02375511582296863
2026-03-09,81.4785373608903,0.007417042370093996
2026-03-10,62.62975778546713,0.012978472464766577
2026-03-11,67.69658045478215,0.026962395465693567
2026-03-12,87.40993553280242,0.07971613154508772
2026-03-13,104.67957150911482,0.0152773480758015
2026-03-16,69.95389857686911,0.030576876004812847
2026-03-17,73.75346260387812,0.030985021542279556
2026-03-18,74.75468331846565,0.03408739672412464
2026-03-19,59.843094325852945,0.008751547912510427
2026-03-20,73.2821258044426,0.01706188899209482
2026-03-23,76.94134409878889,0.039717517136115266
2026-03-24,65.56748466257669,0.06281837043344085
2026-03-25,63.515785540818236,0.0363418963940042
2026-03-26,60.83086053412463,0.02099743452516578
2026-03-27,66.95183187651106,0.024353880843954956
2026-03-30,70.93922651933701,0.027076944223391464
2026-03-31,64.38068579426172,0.01357588854579972
2026-04-01,68.94036111617727,0.007500738822927344
2026-04-02,69.80871622954052,0.03144401995997903
2026-04-06,97.07201266156687,0.0014392334150510333
2026-04-07,85.50338322739388,0.028481843207471602
2026-04-08,87.11303095752339,0.03294778009860755
2026-04-09,89.83915260886623,0.010415251240608492
2026-04-10,85.02105474233005,0.01973424493939091
2026-04-13,109.23817863397548,0.02603670321287499
2026-04-14,77.819392426134,0.037933211409383216
2026-04-15,72.73449920508745,0.005574384985767011
2026-04-16,73.7578965340618,0.0008112163241811299
2026-04-17,59.070958302852965,0.016076769729463702
2026-04-20,89.98380754105945,0.02233745945520993
2026-04-21,67.4279499728113,0.029522651334186523
2026-04-22,65.04217432052484,0.018091643318559614
2026-04-23,71.86932849364791,0.01619054505430051
2026-04-24,67.70929162833487,0.015155516121642565
2026-04-27,86.911802519928,0.017481116105323213
2026-04-28,57.230651046667944,0.01705543825916611
2026-04-29,66.67864845434939,0.0006164663785934721
2026-04-30,64.3426664194326,0.003454642427564991
2026-05-01,69.88002525784046,0.020410623328930066
2026-05-04,112.63467189030362,0.003373885847743896
2026-05-05,83.57293463676443,0.040230650156926284
2026-05-06,90.06211180124224,0.046871450695589845
2026-05-07,70.47797563261481,0.025799478510168505
2026-05-08,95.81749049429658,0.0033061609543652004
2026-05-11,81.79419525065963,0.008766708111182187
2026-05-12,77.91970802919708,0.019260121670696684
2026-05-13,65.3328611898017,0.016525025116887027
2026-05-14,63.72724027133167,0.007183781651235899
2026-05-15,64.40804169769173,0.007253366359609381
2026-05-18,62.119081106422875,0.0030443252756759964
2026-05-19,53.61718904001577,0.017100298997331564
2026-05-20,56.48312611012433,0.01503664801935356
2026-05-21,65.7301422129726,0.013099898271626387
2026-05-22,54.97885428681276,0.00496218239486701
2026-05-26,74.19083648591845,0.0017454106875254283
2026-05-27,64.72868217054264,0.03298072901311144
2026-05-28,60.99893730074389,0.039897021825960666
2026-05-29,57.95918367346939,0.001206385251091513
2026-06-01,63.36783640494824,0.025231474963330003
2026-06-02,59.27574347562209,0.017672450384965344
2026-06-03,63.556067588325654,0.00679640365149492
2026-06-04,54.541640444724145,0.00622106157138258
2026-06-05,50.818626408675314,0.01172079424555883
2026-06-08,63.6274987810824,0.002106420011030341
2026-06-09,68.00401203610832,0.0011822955155458281
2026-06-10,61.518802482657904,0.0032804094345006973
2026-06-11,74.34006211180125,0.003792844873133583
2026-06-12,61.39954853273138,0.03781022649396215
2026-06-15,63.515509601181684,0.003795104872562627
2026-06-16,67.61641505422071,0.0029206775483631153
2026-06-17,61.01938262742283,0.006113038054764708
2026-06-18,65.66138576064134,0.03254742293348656
2026-06-22,56.465843206453236,0.02320668993168007
2026-06-23,58.339566192969336,0.009096422410674099
2026-06-24,57.404637247569184,0.040514047518149465
2026-06-25,56.14731901065174,0.037377220665761324
2026-06-26,65.23642732049036,0.03816587978213459
2026-06-29,77.29339395560311,0.03430704643629079
2026-06-30,53.14309346567411,0.01184183542625561
2026-07-01,56.15339463901389,0.0038983054394849947
2026-07-02,61.236623067776456,0.050050387142675845
2026-07-06,56.458511548331906,0.009039802950332021
2026-07-07,72.57097161135546,0.008823151106754246
2026-07-08,101.54089292769656,0.04050056712311978
2026-07-09,78.86629698089956,0.013966142577032437
2026-07-10,71.87563093074904,0.04026229107966195
2026-07-13,76.7580452920143,0.025718619810590537
2026-07-14,84.52508004268944,0.00763462702645934
2026-07-15,78.61318282604314,0.008732506500465309
2026-07-16,68.51959081258444,0.007638524254674706
2026-07-17,68.78650227125243,0.018729944087644723
2026-07-20,84.38818565400844,0.019479742904657815
2026-07-21,69.82872200263505,0.021543988623416777
2026-07-22,82.70075908909308,0.015064078866060981
2026-07-23,85.62973922692805,0.011980658327489957
2026-07-24,93.52037408149633,0.0011334551153792116
2026-07-27,73.82375877306993,0.013712370954628406
2026-07-28,61.745497724124284,0.008800954063552746
2026-07-29,64.21647819063004,0.007080510614785096
2026-07-30,65.31115218730746,0.038201961627826964
2026-07-31,62.16734085586545,0.03084869414420477
2026-08-03,71.90549563430919,0.0011559718286617837
2026-08-04,75.41776605101143,0.017615985294113345
2026-08-05,56.053344446759745,0.030759141717099037
2026-08-06,57.364992645513766,0.03146514659873256
2026-08-07,65.99777034559644,0.003927669981028448
2026-08-10,68.6842105263158,0.004731869107350795
2026-08-11,60.354498541619925,0.029434849923306805
2026-08-12,54.77855477855478,0.026418641595552295
2026-08-13,56.10043154178109,0.03138541486222057
2026-08-14,60.40412725709373,0.011077192977343442
2026-08-17,72.6895119418484,0.011585419046949319
2026-08-18,52.84307815953385,0.012324230929885771
2026-08-19,62.643558154103154,0.0017645499887876115
2026-08-20,66.09595859048378,0.010100952691779574
2026-08-21,67.72819017716976,0.0011479124507531857
2026-08-24,58.038147138964575,0.003949516715897938
2026-08-25,54.72837022132797,0.01253521812622349
2026-08-26,55.90536157221904,0.030440395945826593
2026-08-27,71.66249277595838,0.03460259211869765
2026-08-28,60.46087154916724,0.007618754123065008
2026-08-31,74.63048219045311,0.010636958144806474
2026-09-01,58.5766075176493,0.009510524907370588
2026-09-02,60.663308144416455,0.02273580636499073
2026-09-03,56.6957935378988,0.016089383297154147
2026-09-04,52.711496746203906,0.027961525985559454
2026-09-08,68.90086711975627,0.0027929050613321182
2026-09-09,70.36114570361146,0.011446599860846174
2026-09-10,67.4989420228523,0.01745731543772111
2026-09-11,61.54203437064561,0.00011826418865568122
2026-09-14,63.962558502340094,0.011121657344308034
2026-09-15,63.576440569849034,0.003159422833530101
2026-09-16,59.001512859304086,0.0010498537706854494
2026-09-17,64.43071491615181,0.025805687765333873
2026-09-18,58.923633269517126,0.007854238178672035
