case,reservoir,hydrological,event_start,area_anom_t-6,area_anom_t-3,area_anom_t0,z_t-3,z_t0,pred_gen_anom_t-3,pred_gen_anom_t0,pred_climate_only_t0,first_alert_month,alert_lead_months,valid_area_months_in_prior_year
Zambia/Zimbabwe 2015-16,Kariba,yes,2015-07,,,,,,,,,,,5
Zambia/Zimbabwe 2015-16,Itezhi-Tezhi,yes,2015-07,-0.07047155566560663,-0.030874014760898773,-0.02929800880969112,-1.2224777071581172,-1.590724282757048,-0.2562141144222183,-0.15922662451937203,-0.11416951744376233,2014-01-01,18.0,13
Zambia/Zimbabwe 2019,Kariba,yes,2019-06,0.11942592467928234,0.16982856231982343,,,,0.05013891629300894,,,,,11
Zambia/Zimbabwe 2019,Itezhi-Tezhi,yes,2019-06,0.07387096757792216,0.06661759279118032,-0.04638427934145397,0.4410372563468732,-1.7403120048625746,-0.002023042330200409,-0.02153945178848549,-0.0515998370579452,2019-07-01,-1.0,13
Zambia/Zimbabwe 2022-23,Kariba,yes,2022-12,0.035363796436268115,-0.05466911335041239,-0.05585711618202704,,-2.073039663215885,0.07046428506219769,-0.10677062847408753,-0.0637651150917159,2022-12-01,0.0,12
Zambia 2024,Kariba,yes,2024-03,-0.03493870245091716,-0.010318826363363596,0.08221567353530088,-0.8308381701621045,0.47456819100845105,-0.0774764635528806,-0.14275605129385427,-0.17339337942533944,2022-12-01,15.0,13
Zambia 2024,Itezhi-Tezhi,yes,2024-03,0.007119637646410409,-0.024349006593012232,-0.22004674935362906,-0.6731403721699583,-2.774894178564797,-0.021839972631943334,-0.17485776406041345,-0.17632487636715627,2024-04-01,-1.0,13
Venezuela 2016,Guri,yes,2016-02,-0.09599383055693061,-0.15692238371720404,-0.23063595915444352,-1.7583201872003262,-2.49341233539132,-0.3420597507761876,-0.3298109533216644,-0.19246592917027486,2014-11-01,15.0,13
Venezuela 2019,Guri,no,2019-03,0.13881685532565113,0.06477726261588207,0.07561057462915227,0.4175850380758703,0.7833775418784715,0.07227044850841946,-0.09035378978560754,-0.21222700378452242,,,13
Ghana dumsor,Volta/Akosombo,partly,2014-06,0.12595900118266176,0.11850286680642806,,0.06646619249364778,,0.2924354460526431,,,,,10
Kyrgyzstan 2021,Toktogul,yes,2021-06,-0.012391098130000831,-0.06629852906211116,-0.05180978209920086,-1.2203673069726628,-0.8208585583676705,0.045584719696348606,-0.0041673488572062534,0.11749838107910167,,,13
Kyrgyzstan 2023,Toktogul,yes,2023-08,-0.07744908375449698,-0.12452954045189407,-0.08339236887236595,-1.8101837854557399,-1.6162934203340449,-0.1944979572500939,-0.2841882201392283,-0.10157891064472716,,,13
Yunnan 2021,Nuozhadu,yes,2021-05,0.05413586661503902,0.21723014872013768,0.13595290363294968,0.7899192100342584,0.8516773652909393,-0.038282060751211974,0.0478449789832564,-0.03552028859279151,,,13
Yunnan 2021,Xiaowan,yes,2021-05,0.3118462539643749,0.33562647362659137,,1.182604242056875,,0.43442462917512903,,,,,9
Yunnan 2022-23,Nuozhadu,yes,2022-09,0.2051681749516076,0.1132056049173724,0.014210435354285962,0.999686776137694,,0.36335686966896386,-0.04071055017946249,-0.07785002470297345,,,13
Yunnan 2022-23,Xiaowan,yes,2022-09,,-0.017839962485984132,-0.10991703924667341,,,0.33858109683228815,0.07587306468942477,0.01728360375527989,,,11
Vietnam 2023,Hoa Binh,yes,2023-05,-0.010066066169122772,0.0033623481255157925,0.08853851740218434,0.0930860752234226,2.4267788232801193,-0.06310887477908489,-0.16900146904114638,-0.20038288069335933,,,13
Tanzania 2015,Mtera,yes,2015-10,-0.4411476674851832,-0.4282644804728047,-0.5701634821115404,-1.1181203112186002,-1.6795214859167795,-0.6276031336775575,-0.6739268390467726,-0.3269385126820642,2015-10-01,0.0,13
Tanzania 2022,Mtera,yes,2022-11,0.2093409640032431,0.21304297286424556,0.02696896742022398,0.8317415535786533,0.13669317994481486,0.6943619949861259,0.42121118364436966,0.36218317303257974,,,13
Turkey 2021,Ataturk,yes,2021-01,0.02723324884903179,0.021575812382061844,0.011517226463435939,0.9458686156280712,0.05627214385915004,-0.11019182549843921,-0.10832539482852915,-0.16456075244221186,,,13
Turkey 2021,Keban,yes,2021-01,0.007561153376732693,-0.03362815298616166,0.011408311414730518,-0.4108697126741821,-0.5083304126139123,-0.10510282746639456,-0.07560319507100045,-0.09198089343288458,2021-06-01,-5.0,13
Brazil 2021,Furnas,yes,2021-06,,,-0.10101094162770113,,,,-0.01230278387219613,-0.028225445463594002,,,6
Brazil 2021,Serra da Mesa,yes,2021-06,-0.22218107918310726,-0.16225451771319563,-0.10207639197486353,-0.5238785832212235,-0.35820791264574475,-0.29507156757598063,-0.29486707773699405,0.03203822325684208,,,13
Brazil 2021,Tres Marias,yes,2021-06,0.0019825078213808883,0.027463870090119483,-0.04850442126845527,0.28431584144854416,-0.1439180456635735,-0.026419266530322835,-0.006719635443927263,0.019314481079694745,,,13
Pakistan 2022,Tarbela,partly,2022-03,-0.04038771058887452,-0.028902304519508606,-0.04653539704631278,-0.09863836686082218,-0.44311166021961135,0.16994927086983427,0.19030111472813127,0.23522361454581855,,,13
Pakistan 2022,Mangla,partly,2022-03,-0.1301213042053931,-0.16532475598589727,-0.17151794976616705,-0.7944545295105792,-1.2698520904921533,0.1123668117793178,-0.063148372586796,0.15355170570742802,2022-05-01,-2.0,13
Brazil 2014-15,Furnas,yes,2014-10,,,,,,,,,,,3
Brazil 2014-15,Serra da Mesa,yes,2014-10,-0.004854425652141708,0.015105931398638273,-0.056686218846692865,-0.19917472565101466,-1.011577465792549,-0.15610423202880866,-0.135250854398126,-0.19925116665195808,,,12
Brazil 2014-15,Tres Marias,yes,2014-10,-0.42584015551969295,-0.4479050591508557,-0.27864905790008526,-3.1765944302330853,-2.232491292087924,-0.5654514499066302,-0.6347392394473681,-0.2019645130666431,2013-09-01,13.0,12
Brazil 2014-15,Sobradinho,yes,2014-10,0.0028457797969734127,0.025856045870036523,-0.04484322307267206,-0.30109889756758035,-0.7251759534126947,-0.13641793550651599,-0.17754989187951833,-0.22091509517968483,,,13
